[v] (AU):Australia/Sydney
[v] HITS (AU):Australia/Sydney
¡Sorpresa! (US):US/Eastern
+Globosat:America/Sao_Paulo
1+1:Europe/Kiev
111 Greats (AU):Australia/Sydney
13TH STREET (AU):Australia/Sydney
13th Street (NL):Europe/Amsterdam
2 (NZ):Pacific/Auckland
2×2:Europe/Kaliningrad
24/7 (US):US/Eastern
24:Europe/Istanbul
2BE:Europe/Brussels
3+:Europe/Zurich
31 DIGITAL (AU):Australia/Sydney
360:Europe/Istanbul
3ABN (US):US/Eastern
3ABN Latino (US):US/Eastern
3ABN Proclaim! (US):US/Eastern
3ABN Russia (US):US/Eastern
3e (IE):Europe/Dublin
3net (US):US/Eastern
3sat:Europe/Berlin
44 Adelaide (AU):Australia/Sydney
47 (UK):Europe/London
4Music (UK):Europe/London
4SD (US):US/Eastern
5 abc (US):US/Eastern
5* (UK):Europe/London
5USA (UK):Europe/London
6'eren:Europe/Copenhagen
7mate (AU):Australia/Sydney
7NBC (US):US/Eastern
7TWO (AU):Australia/Sydney
8TV (MY):Asia/Kuala_Lumpur
9Live (DE):Europe/Berlin
9XM (UK):Europe/London
A Haber:Europe/Istanbul
A&E (AU):Australia/Sydney
A&E:US/Eastern
AAG (UK):Europe/London
AAG TV:Asia/Karachi
Aaj Tak (UK):Europe/London
Aaj TV:Asia/Karachi
AANtv (US):US/Eastern
Aastha TV (UK):Europe/London
ABC (AU):Australia/Sydney
ABC (Canberra) (AU):Australia/Sydney
ABC (JA):Asia/Tokyo
ABC (PH):Asia/Manila
ABC (UK):Europe/London
ABC (US):US/Eastern
ABC Family:US/Eastern
ABC News 24:Australia/Sydney
abc spark (CA):Canada/Eastern
ABC:US/Eastern
ABC1:Australia/Sydney
ABC2:Australia/Sydney
ABC3:Australia/Sydney
ABC4Kids:Australia/Sydney
abc7 (US):US/Eastern
ABC7 Chicago (US):US/Eastern
ABD (AU):Australia/Sydney
ABN (AU):Australia/Sydney
ABN (US):US/Eastern
abo (US):US/Eastern
ABP New (UK):Europe/London
ABQ (AU):Australia/Sydney
ABS (AU):Australia/Sydney
ABS-CBN Broadcasting Company:Asia/Manila
ABT (AU):Australia/Sydney
Abu Dhabi TV (UK):Europe/London
Abu Dhabi TV:Asia/Dubai
ABV (AU):Australia/Sydney
ABW (AU):Australia/Sydney
Acasă (RO):Europe/Bucharest
ACBN (US):US/Eastern
AccuWeather Channel (US):US/Eastern
ACN (US):US/Eastern
ACTION MOVIES (AU):Australia/Sydney
Action:Canada/Eastern
Active Channel (UK):Europe/London
addikTV:Canada/Eastern
ADS (AU):Australia/Sydney
Adult Channel:Europe/London
Adult Swim:US/Eastern
Adventist TV (US):US/Eastern
Africa Channel (US):US/Eastern
Afrotainment (US):US/Eastern
Afrotainment Music (US):US/Eastern
AHC:US/Eastern
Ahlebait TV (UK):Europe/London
Ahlulbayt TV (UK):Europe/London
AIT International (UK):Europe/London
Aizo TV:Asia/Taipei
Al Alam:Asia/Tehran
Al Arabiyya:Asia/Dubai
Al Jazeera America:US/Eastern
Al Jazeera Children's Channel (UK):Europe/London
Al Jazeera English (UK):Europe/London
Al Jazeera:Asia/Qatar
Al Karma TV (US):US/Eastern
alibi (UK):Europe/London
All Nations TV (US):US/Eastern
AlloCiné:Europe/Paris
Almavision (US):US/Eastern
Alpha TV GUJARATI:Asia/Kolkata
Alpha TV PUNJABI:Asia/Kolkata
Alpha TV:Europe/Athens
Altitude sports (US):US/Eastern
AMAZING FACTS (US):US/Eastern
Amazon Prime Instant Video (UK):Europe/London
Amazon:US/Eastern
amc (CA):Canada/Eastern
AMC:US/Eastern
America One Television Network:US/Eastern
AMERICAN HEROES CHANNEL (US):US/Eastern
American Liberty (US):US/Eastern
AMGTV (US):US/Eastern
AMV (AU):Australia/Sydney
Angel One (US):US/Eastern
Angel Two (US):US/Eastern
Anhui TV:Asia/Shanghai
Animal Planet (AU):Australia/Sydney
ANIMAL PLANET (CA):Canada/Eastern
ANIMAL PLANET (UK):Europe/London
Animal Planet:US/Eastern
Animax (DE):Europe/Berlin
Animax (SG):Asia/Singapore
Animax:Asia/Tokyo
Anime Network:US/Eastern
ANT1:Europe/Athens
Antena 3:Europe/Madrid
ANTENNA TV (US):US/Eastern
Antenne 2:Europe/Paris
AOL (US):US/Eastern
AOL:US/Eastern
a-pac (AU):Australia/Sydney
Apostolic Oneness Network (US):US/Eastern
aptn (CA):Canada/Eastern
APTN:Canada/Eastern
Arabic Channel (US):US/Eastern
Arena:Australia/Sydney
Argos TV (UK):Europe/London
ARISE News (UK):Europe/London
Arizona Capitol Television (US):US/Eastern
Arizona NewsChannel (US):US/Eastern
ART TV:Europe/Athens
arte (DE):Europe/Berlin
Arte:Europe/Paris
ARTN (US):US/Eastern
ARTV:Canada/Eastern
ARY Digital (UK):Europe/London
ARY Digital:Asia/Karachi
ARY One Digital (UK):Europe/London
ARY One World:Asia/Karachi
ARY Qtv (UK):Europe/London
ARY Shopping Channel:Asia/Karachi
ARY Zouq:Asia/Karachi
ASEN (US):US/Eastern
ASEN2 (US):US/Eastern
ASPiRE (US):US/Eastern
aspire TV (AU):Australia/Sydney
Associated Broadcasting Company (PH):Asia/Manila
At the Races (UK):Europe/London
ATN (AU):Australia/Sydney
ATN Aastha Channel:Asia/Kolkata
ATN Bangla (UK):Europe/London
ATN CRICKET PLUS (CA):Canada/Eastern
ATN Service 1 (US):US/Eastern
ATN Service 2 (US):US/Eastern
ATN SPORTS (CA):Canada/Eastern
ATV (AU):Australia/Sydney
ATV (DE):Europe/Berlin
ATV Türkiye:Europe/Istanbul
ATV:Europe/Vienna
AT-X:Asia/Tokyo
Audience Network:US/Eastern
aurora (AU):Australia/Sydney
Australian Christian Channel:Australia/Sydney
aux (CA):Canada/Eastern
AVRO:Europe/Amsterdam
AVROTROS:Europe/Amsterdam
AWE (US):US/Eastern
AXN (HK):Asia/Hong_Kong
AXN (JP):Asia/Tokyo
AXN (PL):Europe/Warsaw
AXN (SG):Asia/Singapore
AXN:US/Eastern
AXS TV:US/Eastern
AXStv (US):US/Eastern
AZN Television (US):US/Eastern
azteca america (US):US/Eastern
B4U Movies:Europe/London
B4U Music:Europe/London
B92:Europe/Belgrade
BabyFirstTV:US/Eastern
BabyTV (UK):Europe/London
Babytv (US):US/Eastern
bafta.org (UK):Europe/London
Bandai Channel (JP):Asia/Tokyo
Bandai Channel:Asia/Tokyo
BANDAMAX (US):US/Eastern
Bangla TV (UK):Europe/London
Barcelona TV (ES):Europe/Madrid
BAY NEWS 9 (US):US/Eastern
Bay TV Clywd (UK):Europe/London
Bay TV Liverpool (UK):Europe/London
Bay TV Swansea (UK):Europe/London
BBC:Europe/London
BBC ALBA:Europe/London
BBC America:US/Eastern
BBC Canada:Canada/Eastern
BBC Four:Europe/London
BBC HD:Europe/London
BBC iPlayer:Europe/London
BBC Kids:Canada/Eastern
BBC Knowledge (AU):Australia/Sydney
BBC News:Europe/London
BBC One East Midlands:Europe/London
BBC One East:Europe/London
BBC one London:Europe/London
BBC One North East & Cumbria:Europe/London
BBC One North West:Europe/London
BBC one Northern Ireland:Europe/London
BBC One Oxfordshire:Europe/London
BBC one Scotland:Europe/London
BBC One South East:Europe/London
BBC One South West:Europe/London
BBC one Wales:Europe/London
BBC One West Midlands:Europe/London
BBC One West:Europe/London
BBC One Yorkshire & Lincolnshire:Europe/London
BBC One:Europe/London
BBC Parliament:Europe/London
BBC Prime:Europe/London
BBC RED BUTTON:Europe/London
BBC Three:Europe/London
BBC TWO Northern Ireland:Europe/London
BBC TWO Scotland:Europe/London
BBC TWO Wales:Europe/London
BBC TWO:Europe/London
BBC Two:Europe/London
BBC UKTV (AU):Australia/Sydney
BBC World News:Europe/London
BCV (AU):Australia/Sydney
beats per minute television (CA):Canada/Eastern
Bebo.com (US):US/Eastern
beIN SPORT (US):US/Eastern
Believe TV (UK):Europe/London
Best Direct (UK):Europe/London
BET (UK):Europe/London
BET Gospel (US):US/Eastern
BET HIP HOP (US):US/Eastern
BET:US/Eastern
Beyaz TV:Europe/Istanbul
BHSN (US):US/Eastern
Bid (UK):Europe/London
Bid Plus (UK):Europe/London
Big Ten Network (US):US/Eastern
bio. (AU):Australia/Sydney
BIOGRAPHY CHANNEL (CA):Canada/Eastern
Biography Channel:US/Eastern
biTe (CA):Canada/Eastern
BiZ TELEVISION (US):US/Eastern
BKN (AU):Australia/Sydney
blip (US):US/Eastern
Blip:US/Eastern
BLISS (UK):Europe/London
Bloomberg Television (UK):Europe/London
Bloomberg TELEVISION (US):US/Eastern
Blue Ridge Communications (US):US/Eastern
BNN (NL):Europe/Amsterdam
BNN:Canada/Eastern
BNT1:Europe/Sofia
Book TELEVISION (CA):Canada/Eastern
Boomerang (AU):Australia/Sydney
Boomerang (DE):Europe/Berlin
Boomerang (UK):Europe/London
Boomerang:US/Eastern
BOS (NL):Europe/Amsterdam
BOSTEL (US):US/Eastern
BOUNCE TV (US):US/Eastern
Bounce TV:US/Eastern
BoxNation (UK):Europe/London
BR:Europe/Berlin
BR-alpha:Europe/Berlin
Bravo (CA):Canada/Eastern
Bravo (UK):Europe/London
Bravo (US):US/Eastern
Bravo!:Canada/Eastern
Bravo:US/Eastern
bravotv.com (US):US/Eastern
Brit Asia TV (UK):Europe/London
British Eurosport 2:Europe/London
BS Fuji (JP):Asia/Tokyo
BS11:Asia/Tokyo
BS-i (JP):Asia/Tokyo
BT Sport 1 (UK):Europe/London
BT Sport 2 (UK):Europe/London
BTQ (AU):Australia/Sydney
BTV:Asia/Shanghai
bTV:Europe/Sofia
Bubble Hits:Europe/Dublin
Business News Network (CA):Canada/Eastern
BuzMuzik (UK):Europe/London
BYU Television:US/Eastern
C31:Australia/Sydney
Cable Public Affairs Channel (CA):Canada/Eastern
CablePulse24 (CA):Canada/Eastern
Cambridge Presents (UK):Europe/London
CAN TV19 (US):US/Eastern
Canadian Learning Television:Canada/Eastern
Canal 10 Saeta:America/Montevideo
Canal 13 (AR):America/Buenos_Aires
Canal 13:America/Santiago
Canal 4 Montecarlo:America/Montevideo
Canal 5:America/Mexico_City
Canal 9 (AR):America/Buenos_Aires
Canal D:Canada/Eastern
Canal de las Estrellas Latinoamerica (US):US/Eastern
Canal de las Estrellas:America/Mexico_City
Canal Famille:Canada/Eastern
Canal J:Europe/Paris
Canal Off:America/Sao_Paulo
Canal Once:America/Mexico_City
Canal Sur:Europe/Madrid
Canal+ (ES):Europe/Madrid
Canal+:Europe/Paris
Canale 5:Europe/Rome
Cancao News (US):US/Eastern
Canvas/Ketnet:Europe/Brussels
Capital TV (UK):Europe/London
Caracol TV:America/Bogota
Carlton Television:Europe/London
CARS.TV (US):US/Eastern
CARTOON NETWORK (AU):Australia/Sydney
Cartoon Network (CA):Canada/Eastern
CARTOON NETWORK (UK):Europe/London
Cartoon Network Australia:Australia/Sydney
CARTOON NETWORK TOO (UK):Europe/London
Cartoon Network:US/Eastern
cartoonito (UK):Europe/London
casa club tv (US):US/Eastern
Casa:Canada/Eastern
CATHOLICTV (US):US/Eastern
CBBC:Europe/London
CBC (CA):Canada/Eastern
CBC (JP):Asia/Tokyo
CBC:Canada/Eastern
CBCnews network (CA):Canada/Eastern
CBeebies (US):US/Eastern
CBeebies:Europe/London
CBN (AU):Australia/Sydney
CBS 2 HD (US):US/Eastern
CBS 2 LOS ANGELES (US):US/Eastern
CBS 2 NEW YORK (US):US/Eastern
CBS 4 (US):US/Eastern
CBS action (UK):Europe/London
CBS drama (UK):Europe/London
CBS Korean (US):US/Eastern
CBS reality (UK):Europe/London
CBS SPORTS NETWORK (US):US/Eastern
CBS.com (US):US/Eastern
CBS:US/Eastern
CC:STUDIOS (US):US/Eastern
CCN (US):US/Eastern
CCTV News (UK):Europe/London
CCTV:Asia/Shanghai
CCTV-4 (US):US/Eastern
Celebrity Shop (UK):Europe/London
Centric (US):US/Eastern
Centric:US/Eastern
Česká televize:Europe/Prague
Ceskoslovenská televize:Europe/Prague
CGN TV (US):US/Eastern
CGV:Asia/Seoul
Challenge:Europe/London
Channel [V]:Asia/Shanghai
Channel 10 (IL):Asia/Jerusalem
Channel 101:US/Eastern
Channel 2:Asia/Jerusalem
Channel 3:Asia/Bangkok
Channel 4:Europe/London
Channel 5 (SG):Asia/Singapore
Channel 5 (UK):Europe/London
Channel 5 +24 (UK):Europe/London
Channel 5:Asia/Singapore
Channel 6:Europe/Dublin
Channel 7 (US):US/Eastern
Channel 7:Asia/Bangkok
Channel 8:Asia/Singapore
Channel 9 (UK):Europe/London
Channel AKA (UK):Europe/London
Channel i (UK):Europe/London
channel one (UK):Europe/London
Channel S (UK):Europe/London
Channel U:Asia/Singapore
Chart Show Dance (UK):Europe/London
Chart Show TV:Europe/London
Chat Box (UK):Europe/London
CHCH (CA):Canada/Eastern
CHELSEA TV (UK):Europe/London
Chérie 25:Europe/Paris
Chiba TV (JP):Asia/Tokyo
chiller (US):US/Eastern
Chorus Sports:Europe/Dublin
Christian (UK):Europe/London
Christian Television Network (US):US/Eastern
Chukyo TV (JP):Asia/Tokyo
Church Channel (US):US/Eastern
CI:Australia/Sydney
Cielo:Europe/Rome
Cine 5:Europe/Istanbul
Cinelatino (US):US/Eastern
Cinemax:US/Eastern
Citv (UK):Europe/London
CITV:Europe/London
City Channel:Europe/Dublin
City:Canada/Eastern
clásico TV (US):US/Eastern
Classic Arts Showcase:US/Eastern
Classic FM TV:Europe/London
cloo (US):US/Eastern
CLTV (US):US/Eastern
Club RTL:Europe/Brussels
Clubland (UK):Europe/London
CMC (AU):Australia/Sydney
CMT (CA):Canada/Eastern
CMT:US/Eastern
CN100 (US):US/Eastern
CN8:US/Eastern
CNBC (AU):Australia/Sydney
CNBC TV18:Asia/Kolkata
CNBC UK:Europe/London
CNBC:US/Eastern
CNBC-e (TR):Europe/Istanbul
CNC World (UK):Europe/London
CNL Russian (US):US/Eastern
CNN (UK):Europe/London
CNN en Español (US):US/Eastern
CNN:US/Eastern
CNNI:US/Eastern
Colorado's Own Channel 2 (US):US/Eastern
Colors (UK):Europe/London
Colors:Asia/Kolkata
Comcast Entertainment Television (US):US/Eastern
Comcast hometown network (US):US/Eastern
comcast NETWORK Philadelphia (US):US/Eastern
comcast NETWORK Washington (US):US/Eastern
COMCAST Sports Net Chicago (US):US/Eastern
COMCAST Sports Net New England (US):US/Eastern
comcast SPORTSNET BAY AREA (US):US/Eastern
comcast SPORTSNET CALIFORNIA (US):US/Eastern
comcast SPORTSNET HOUSTON (US):US/Eastern
comcast SPORTSNET MID ATLANTIC (US):US/Eastern
comcast SPORTSNET NORTHWEST (US):US/Eastern
comcast SPORTSNET PHILADELPHIA (US):US/Eastern
Comcast Television (US):US/Eastern
Comcast/Charter Sports Southeast (US):US/Eastern
Comédie !:Europe/Paris
Comédie+:Europe/Paris
Comedy (CA):Canada/Eastern
Comedy Central (DE):Europe/Berlin
Comedy Central (NL):Europe/Amsterdam
COMEDY CENTRAL (UK):Europe/London
Comedy Central (US):US/Eastern
COMEDY CENTRAL EXTRA (UK):Europe/London
Comedy Central:US/Eastern
comedy channel (AU):Australia/Sydney
Comedy Channel:US/Eastern
Comedy MOVIES (AU):Australia/Sydney
Comedy.tv (US):US/Eastern
comedy:Canada/Eastern
Community Channel:Europe/London
Controversial TV (UK):Europe/London
Cooking Channel:US/Eastern
COOLTV (US):US/Eastern
Coptic TV (US):US/Eastern
CORK COMMUNITY TV (IE):Europe/Dublin
Cornerstone Television (US):US/Eastern
COSMOPOLITANTV (CA):Canada/Eastern
Cottage Life (CA):Canada/Eastern
Country Music Television (US):US/Eastern
Court TV:US/Eastern
Cozi TV (US):US/Eastern
CPAC:Canada/Eastern
Crackle:US/Eastern
create (US):US/Eastern
Create and Craft (UK):Europe/London
Credo TV (US):US/Eastern
crime & investigation network (AU):Australia/Sydney
crime & investigation network (UK):Europe/London
Crime & Investigation Network:US/Eastern
C-Span:US/Eastern
C-SPAN2 (US):US/Eastern
C-SPAN3 (US):US/Eastern
CSS (US):US/Eastern
ČST (CZ):Europe/Prague
CST (US):US/Eastern
CSTV:Asia/Seoul
ČT1 (CZ):Europe/Prague
ČT2 (CZ):Europe/Prague
CTC (AU):Australia/Sydney
CTC (RU):Europe/Kaliningrad
CTC:Asia/Tokyo
CTi TV:Asia/Taipei
CTS (TW):Asia/Taipei
CTS:Asia/Tokyo
CTV (CN):Asia/Shanghai
CTV (JP):Asia/Tokyo
CTV News Channel (CA):Canada/Eastern
CTV two (CA):Canada/Eastern
CTV:Canada/Eastern
Cuatro:Europe/Madrid
CÚLA4 (IE):Europe/Dublin
Current TV:US/Eastern
CW Seed:US/Eastern
CWSEED.com (US):US/Eastern
D8:Europe/Paris
DaAi TV:Asia/Taipei
Dailymotion:US/Eastern
Dangerjane.tv (US):US/Eastern
Dare to Dream Network (US):US/Eastern
Das Erste:Europe/Berlin
Dating Channel (UK):Europe/London
Dave:Europe/London
Dawn News:Asia/Karachi
daybreak2012.com (US):US/Eastern
Daystar (UK):Europe/London
DAYSTAR (US):US/Eastern
DD-Gujarati:Asia/Kolkata
DDR1:Europe/Berlin
de película (US):US/Eastern
de película clásico (US):US/Eastern
Deal Channel (UK):Europe/London
Denver's 7 (US):US/Eastern
Dept Store (UK):Europe/London
Destination America:US/Eastern
Detroit Lions Television Network (US):US/Eastern
Deutsche Telekom (DE):Europe/Berlin
Deutsche Welle (US):US/Eastern
Deutsche Welle TV:Europe/Berlin
DFamilia (US):US/Eastern
Discovery Channel (Asia):Asia/Singapore
Discovery Channel (AU):Australia/Sydney
Discovery Channel (Australia):Australia/Sydney
Discovery Channel (CA):Canada/Eastern
Discovery Channel (UK):Europe/London
Discovery en Español (US):US/Eastern
Discovery Family (US):US/Eastern
Discovery Family:US/Eastern
Discovery fit&health (US):US/Eastern
Discovery HD World:Asia/Singapore
Discovery HISTORY (UK):Europe/London
Discovery home & health (AU):Australia/Sydney
DISCOVERY home&health (UK):Europe/London
Discovery Kids:US/Eastern
Discovery Life:US/Eastern
Discovery MAX:Europe/Madrid
Discovery Science (AU):Australia/Sydney
DISCOVERY SCIENCE (CA):Canada/Eastern
Discovery Science (UK):Europe/London
Discovery Science:US/Eastern
Discovery Shed. (UK):Europe/London
Discovery Shed:Europe/London
Discovery turbo MAX (AU):Australia/Sydney
Discovery Turbo UK:Europe/London
Discovery Turbo:US/Eastern
Discovery World (CA):Canada/Eastern
Discovery:US/Eastern
Dish TV:US/Eastern
DiSNEY CHANNEL (AU):Australia/Sydney
Disney Channel (Germany):Europe/Berlin
DiSNEY CHANNEL (UK):Europe/London
Disney Channel (US):US/Eastern
Disney Channel:US/Eastern
Disney Cinemagic:Europe/London
DiSNEY Junior (AU):Australia/Sydney
Disney Junior (CA):Canada/Eastern
DiSNEY Junior (UK):Europe/London
DiSNEY Junior (US):US/Eastern
Disney Junior:US/Eastern
Disney XD (CA):Canada/Eastern
DiSNEY XD (UK):Europe/London
Disney XD:US/Eastern
DiSNEY.com (US):US/Eastern
diva tv (UK):Europe/London
Divine TV (US):US/Eastern
diy network (CA):Canada/Eastern
DIY Network Canada:Canada/Eastern
DIY Network:US/Eastern
dk4:Europe/Copenhagen
DM Digital (UK):Europe/London
DMAX (DE):Europe/Berlin
DMAX (IT):Europe/Rome
DMAX (UK):Europe/London
DMAX:Europe/Berlin
documentary (CA):Canada/Eastern
Doordarshan National:Asia/Kolkata
Doordarshan News:Asia/Kolkata
Doordarshan Sports:Asia/Kolkata
Dost TV:Europe/Istanbul
DR K:Europe/Copenhagen
DR Ramasjang:Europe/Copenhagen
DR1:Europe/Copenhagen
DR2:Europe/Copenhagen
DR3:Europe/Copenhagen
Dragon TV:Asia/Shanghai
DRAMA (UK):Europe/London
DRAMAcube:Asia/Seoul
DTD (AU):Australia/Sydney
DTOUR (CA):Canada/Eastern
DuMont Television Network:US/Eastern
Duna TV:Europe/Budapest
DUSK (CA):Canada/Eastern
E! (AU):Australia/Sydney
E! (CA):Canada/Eastern
E! (UK):Europe/London
E!:US/Eastern
E.tv (ZA):Africa/Johannesburg
E4 (UK):Europe/London
E4:Europe/Dublin
EBS:Asia/Seoul
EBU (EU):CET
ECC TV (RU):Europe/Kaliningrad
E-Channel:Asia/Seoul
Eden:Europe/London
één:Europe/Brussels
EICB (US):US/Eastern
EinsExtra (DE):Europe/Berlin
Einsfestival:Europe/Berlin
EinsPlus:Europe/Berlin
El Rey Network:US/Eastern
El Rey:US/Eastern
El Trece:America/Buenos_Aires
element14:US/Eastern
Eleven (AU):Australia/Sydney
Emmanuel TV (US):US/Eastern
eNCA Africa (UK):Europe/London
Encore Westerns East (US):US/Eastern
encore. action (US):US/Eastern
encore. family (US):US/Eastern
Encore:US/Eastern
Encuentro:America/Buenos_Aires
EO:Europe/Amsterdam
epix (US):US/Eastern
Epsilon TV:Europe/Athens
eqhd:Canada/Eastern
ERT:Europe/Athens
ES.TV (US):US/Eastern
Esperanza TV (US):US/Eastern
ESPN (AU):Australia/Sydney
ESPN (UK):Europe/London
ESPN 2 (US):US/Eastern
ESPN Asia:Asia/Hong_Kong
ESPN Classic (US):US/Eastern
ESPN DEPORTES (US):US/Eastern
ESPN Full Court (US):US/Eastern
ESPN Game Plan (US):US/Eastern
ESPN Hong Kong:Asia/Hong_Kong
ESPN India:Asia/Kolkata
ESPN Philippines:Asia/Manila
ESPN Taiwan:Asia/Taipei
ESPN:US/Eastern
ESPN2 (AU):Australia/Sydney
ESPNEWS (US):US/Eastern
ESPNU (US):US/Eastern
Esquire Network:US/Eastern
estrellaTV (US):US/Eastern
Estuary TV (UK):Europe/London
Eternal Word Television Network (US):US/Eastern
ETTV Yoyo:Asia/Taipei
ETTV:Asia/Taipei
ETV Gujarati:Asia/Kolkata
ETV:Europe/Tallinn
EUROCHANNEL (US):US/Eastern
euronews (UK):Europe/London
EUROSPORT (AU):Australia/Sydney
Eurosport:Europe/London
EuroWorld Sport (CA):Canada/Eastern
Évasion:Canada/Eastern
EWTN TV (UK):Europe/London
Exitos TV (US):US/Eastern
eXPO CHANNEL (AU):Australia/Sydney
extra (AU):Australia/Sydney
Extreme Sports Channel (UK):Europe/London
Faith World TV (UK):Europe/London
Family (CA):Canada/Eastern
Family Friendly Entertainment (US):US/Eastern
Family Gekijou (JP):Asia/Tokyo
family MOVIES (AU):Australia/Sydney
Family:Canada/Eastern
Fashion TV:Europe/Paris
FEARnet:US/Eastern
FEM:Europe/London
FIGHT NETWORK (CA):Canada/Eastern
FIGHT NOW tv (US):US/Eastern
Filles TV:Europe/Paris
FILM 4 (UK):Europe/London
Fire Hit TV (UK):Europe/London
Fitness Channel (UK):Europe/London
Five Life:Europe/London
Five US:Europe/London
Five:Europe/London
FLAVA (UK):Europe/London
FLIX (US):US/Eastern
Flow TV (US):US/Eastern
FMC (AU):Australia/Sydney
Food Network (UK):Europe/London
Food Network Canada:Canada/Eastern
Food Network:US/Eastern
FORO tv (US):US/Eastern
FOUR (NZ):Pacific/Auckland
Fox (BZ):America/Belize
Fox (CR):America/Costa_Rica
FOX (FI):Europe/Helsinki
Fox (GT):America/Guatemala
Fox (HN):America/Tegucigalpa
Fox (IT):Europe/Rome
Fox (NI):America/Managua
FOX (PT):Europe/Lisbon
Fox (SV):America/El_Salvador
FOX (UK):Europe/London
FOX (US):US/Eastern
FOX 11 (US):US/Eastern
FOX 31 DENVER (US):US/Eastern
FOX 32 (US):US/Eastern
FOX 5 (US):US/Eastern
Fox 8 (NL):Europe/Amsterdam
Fox Business:US/Eastern
Fox Channel:Europe/Berlin
FOX CLASSICS (AU):Australia/Sydney
FOX COLLEGE SPORTS ATLANTIC (US):US/Eastern
FOX COLLEGE SPORTS CENTRAL (US):US/Eastern
FOX COLLEGE SPORTS PACIFIC (US):US/Eastern
Fox Crime:Europe/Rome
FOX DEPORTES (US):US/Eastern
Fox Family:US/Eastern
FOX FOOTY (AU):Australia/Sydney
Fox Life (NL):Europe/Amsterdam
Fox Life:Europe/Rome
FOX News Channel (UK):Europe/London
FOX NEWS channel (US):US/Eastern
Fox Reality:US/Eastern
FOX ROCHESTER (US):US/Eastern
Fox Soccer Channel (CA):Canada/Eastern
FOX SOCCER plus (US):US/Eastern
FOX Sports 1:US/Eastern
FOX SPORTS 2 (AU):Australia/Sydney
FOX Sports 2:US/Eastern
FOX SPORTS 3 (AU):Australia/Sydney
FOX SPORTS ARIZONA (US):US/Eastern
FOX SPORTS CAROLINAS (US):US/Eastern
FOX SPORTS DETROIT (US):US/Eastern
FOX SPORTS FLORIDA (US):US/Eastern
FOX SPORTS INDIANA (US):US/Eastern
FOX SPORTS KANSAS CITY (US):US/Eastern
FOX SPORTS MIDWEST (US):US/Eastern
FOX SPORTS NEW ORLEANS (US):US/Eastern
FOX SPORTS NEWS (AU):Australia/Sydney
FOX SPORTS NORTH (US):US/Eastern
FOX SPORTS OHIO (US):US/Eastern
FOX SPORTS OKLAHOMA (US):US/Eastern
FOX SPORTS PRIME TICKET (US):US/Eastern
FOX SPORTS SAN DIEGO (US):US/Eastern
FOX SPORTS SOUTH (US):US/Eastern
FOX SPORTS SOUTHWEST (US):US/Eastern
FOX SPORTS SPORTSOUTH (US):US/Eastern
FOX SPORTS SUN SPORTS (US):US/Eastern
FOX SPORTS TENNESSEE (US):US/Eastern
FOX SPORTS WEST (US):US/Eastern
FOX SPORTS WISCONSIN (US):US/Eastern
FOX SPORTS:Australia/Sydney
FOX Traveller:Asia/Kolkata
FOX Türkiye:Europe/Istanbul
Fox:Europe/Rome
FOX:US/Eastern
Fox8:Australia/Sydney
France 2:Europe/Paris
France 24 (UK):Europe/London
France 3:Europe/Paris
France 4:Europe/Paris
France 5:Europe/Paris
France Ô:Europe/Paris
FRANCE24 (US):US/Eastern
Fred TV:US/Eastern
Freeform:US/Eastern
Frost Great Outdoors (US):US/Eastern
FSTV (US):US/Eastern
FTV:Asia/Taipei
FUEL TV (AU):Australia/Sydney
Fuel TV:US/Eastern
Fuji TV:Asia/Tokyo
FUNimation Channel:US/Eastern
funnyordie.com (US):US/Eastern
fuse:US/Eastern
Fusion (US):US/Eastern
FX (AU):Australia/Sydney
FX (US):US/Eastern
FX CANADA:Canada/Eastern
FX MOVIE CHANNEL (US):US/Eastern
FX:US/Eastern
FXX:US/Eastern
fyi (CA):Canada/Eastern
FYI:US/Eastern
G4 Canada:Canada/Eastern
G4:US/Eastern
Gaiam TV:US/Eastern
Galavisión (US):US/Eastern
Gamavision (MX):America/Mexico_City
Game Show Network (US):US/Eastern
game tv (CA):Canada/Eastern
Gay Network (UK):Europe/London
GayXChange (UK):Europe/London
GBN (US):US/Eastern
GEB AMERICA (US):US/Eastern
Gem (AU):Australia/Sydney
Gem Shopping Network (US):US/Eastern
Gems TV (UK):Europe/London
Gems TV Extra (UK):Europe/London
GEO News (UK):Europe/London
GEO Super:Asia/Karachi
Geo TV:Asia/Karachi
GEO UK (UK):Europe/London
get TV (US):US/Eastern
Global:Canada/Eastern
Globo International (AU):Australia/Sydney
GLOBO TV International (US):US/Eastern
Glory TV (UK):Europe/London
GLV (AU):Australia/Sydney
GMA:Asia/Manila
GNT:America/Sao_Paulo
GO (ZA):Africa/Johannesburg
GO! (AU):Australia/Sydney
God Channel (UK):Europe/London
God's Learning Channel (US):US/Eastern
GOLD (AU):Australia/Sydney
GOLD (UK):Europe/London
GOLD2 (AU):Australia/Sydney
GOLF CHANNEL (US):US/Eastern
Golf Channel:US/Eastern
GOLTV (US):US/Eastern
Good Food (UK):Europe/London
Gospel Channel (UK):Europe/London
gothamgirls.com (US):US/Eastern
Great American Country:US/Eastern
Greatest Hits (UK):Europe/London
GSN:US/Eastern
GTS (AU):Australia/Sydney
GTV (AU):Australia/Sydney
GTV:Asia/Taipei
Guardian Television Network:US/Eastern
Gulli:Europe/Paris
gusto tv (CA):Canada/Eastern
GWN7 (AU):Australia/Sydney
H2 (CA):Canada/Eastern
H2 (UK):Europe/London
H2:US/Eastern
Hakka TV:Asia/Taipei
Hallmark Channel:US/Eastern
Hallmark MOVIES & MYSTERIES (US):US/Eastern
halowaypoint.com (US):US/Eastern
Harmony Channel (US):US/Eastern
HBO CANADA:Canada/Eastern
HBO Europe:Europe/Budapest
HBO Family (US):US/Eastern
HBO Latin America:America/Sao_Paulo
HBO Magyarország:Europe/Budapest
HBO Nordic:Europe/Stockholm
HBO Signature (US):US/Eastern
HBO:US/Eastern
HBO2 (US):US/Eastern
HDNet:US/Eastern
Headline News (US):US/Eastern
Healthy Living Network (US):US/Eastern
Heart TV (UK):Europe/London
heartland (US):US/Eastern
heat (UK):Europe/London
here!:US/Eastern
Het Gesprek (NL):Europe/Amsterdam
HGTV Canada:Canada/Eastern
HGTV:US/Eastern
Hidayat TV (UK):Europe/London
HIFI:Canada/Eastern
High Street TV (UK):Europe/London
Hír TV:Europe/Budapest
HISTORY (AU):Australia/Sydney
History (CA):Canada/Eastern
HISTORY (UK):Europe/London
History en Español (US):US/Eastern
History Television:Canada/Eastern
History:US/Eastern
HITN (US):US/Eastern
HLN:US/Eastern
Holiday & Cruise (UK):Europe/London
home (UK):Europe/London
Home Team Networks (US):US/Eastern
Hope CHANNEL (US):US/Eastern
Hope Church Channel (US):US/Eastern
Horror Channel (UK):Europe/London
Horse & Country TV (UK):Europe/London
HOT:Asia/Jerusalem
Howard TV (US):US/Eastern
HR (DE):Europe/Berlin
HRT2 (HR):Europe/Zagreb
HRTV (US):US/Eastern
Hrvatska radiotelevizija:Europe/Zagreb
HSN (US):US/Eastern
HSV (AU):Australia/Sydney
hTV (US):US/Eastern
Hulu:US/Eastern
HUMAN (NL):Europe/Amsterdam
Hunan TV:Asia/Shanghai
IBC (PH):Asia/Manila
iCHANNEL (CA):Canada/Eastern
ICI Explora:Canada/Eastern
ICI Tou.tv:Canada/Eastern
ICTV (AU):Australia/Sydney
ICTV:Europe/Kiev
Ideal Extra (UK):Europe/London
Ideal World (UK):Europe/London
IFC (CA):Canada/Eastern
IFC:US/Eastern
IKON:Europe/Amsterdam
Impact TV (US):US/Eastern
Imparja (AU):Australia/Sydney
Indus Music:Asia/Karachi
Indus News:Asia/Karachi
Indus Vision:Asia/Karachi
Information TV (UK):Europe/London
ingaylewetrust.com (US):US/Eastern
Inmigrante TV (US):US/Eastern
insp (US):US/Eastern
Inspiration (UK):Europe/London
Inspiration Network International (US):US/Eastern
Internet:UTC
Investigation Discovery (CA):Canada/Eastern
INVESTIGATION DISCOVERY (UK):Europe/London
Investigation Discovery:US/Eastern
ion LIFE (US):US/Eastern
Ion Television:US/Eastern
iQiyi:Asia/Shanghai
IQRA TV (UK):Europe/London
IRIB TV1:Asia/Tehran
ishop tv (AU):Australia/Sydney
Islam Channel (UK):Europe/London
Italia 1:Europe/Rome
iTunes (US):US/Eastern
itv ANGLIA (UK):Europe/London
itv BORDER (UK):Europe/London
itv CENTRAL (UK):Europe/London
itv CHANNEL TV (UK):Europe/London
itv ENCORE (UK):Europe/London
ITV Gold (US):US/Eastern
ITV Granada:Europe/London
itv LONDON (UK):Europe/London
itv MERIDIAN (UK):Europe/London
itv play (UK):Europe/London
itv TYNE TEES (UK):Europe/London
ITV Wales:Europe/London
itv WEST COUNTRY (UK):Europe/London
itv YORKSHIRE (UK):Europe/London
ITV:Europe/London
ITV1:Europe/London
ITV2:Europe/London
ITV3:Europe/London
ITV4:Europe/London
ITV &  TVE:Europe/London
itvBe (UK):Europe/London
ITVBe:Europe/London
ivfilms.net (US):US/Eastern
Jak-TV (ID):Asia/Jakarta
Jetix (NL):Europe/Amsterdam
Jeuxvideo.com:Europe/Paris
Jewellery Channel (UK):Europe/London
Jewellery Maker (UK):Europe/London
jewelrytelevision (US):US/Eastern
Jiangsu TV:Asia/Shanghai
JIM:Europe/Helsinki
JLTV (US):US/Eastern
JML Direct (UK):Europe/London
JML Living (UK):Europe/London
Joi:Europe/Rome
jTBC:Asia/Seoul
jts.tv (US):US/Eastern
JUCE TV (US):US/Eastern
June:Europe/Paris
Jupiter Broadcasting :US/Eastern
JUS ONE (US):US/Eastern
JUS PUNJABI (US):US/Eastern
JUSTICE CENTRAL (US):US/Eastern
KABC-TV Los Angeles (US):US/Eastern
Kabel1 (DE):Europe/Berlin
Kampüs TV:Europe/Istanbul
KanaalTwee:Europe/Brussels
Kanal 1 (SE):Europe/Stockholm
Kanal 4:Europe/Copenhagen
Kanal 5 (SE):Europe/Stockholm
Kanal 5:Europe/Copenhagen
Kanal 7:Europe/Istanbul
Kanal A (Turkey):Europe/Istanbul
Kanal D:Europe/Istanbul
KARE 11 (US):US/Eastern
Kansai TV:Asia/Tokyo
Kashish TV:Asia/Karachi
KBS TV1:Asia/Seoul
KBS TV2:Asia/Seoul
KBS World:Asia/Seoul
KBS:Asia/Seoul
KCET:US/Eastern
Kenya Television Network (KE):Africa/Nairobi
Kerrang! TV:Europe/London
Ketnet (BE):Europe/Brussels
KICC TV (UK):Europe/London
Kids and Teens TV:US/Eastern
Kids Station:Asia/Tokyo
KIKA:Europe/Berlin
KING-TV (US):US/Eastern
Kiss:Europe/London
Kix (UK):Europe/London
Klear TV (UK):Europe/London
KMTV (UK):Europe/London
KNLJ (US):US/Eastern
KNXT (US):US/Eastern
KO-AM TV (US):US/Eastern
Koldcast.tv (US):US/Eastern
Korean Channel (US):US/Eastern
KRO:Europe/Amsterdam
KTLA 5 (US):US/Eastern
KTN:Asia/Karachi
KTV (JP):Asia/Tokyo
Kunskapskanalen:Europe/Stockholm
Kyoto Broadcasting System:Asia/Tokyo
KYW-TV (US):US/Eastern
L!VETV (UK):Europe/London
L1 (NL):Europe/Amsterdam
La Cinq:Europe/Paris
La Deux:Europe/Brussels
La Familia Cosmovision (US):US/Eastern
La Siete:Europe/Madrid
La Trois:Europe/Brussels
La Une:Europe/Brussels
La7:Europe/Rome
Lâlegül TV:Europe/Istanbul
laSexta:Europe/Madrid
LaSexta:Europe/Rome
Latest TV (UK):Europe/London
LATV (US):US/Eastern
LCI:Europe/Paris
LeSEA broadcasting network (US):US/Eastern
LFC TV (UK):Europe/London
LFN (US):US/Eastern
Liberty Channel:US/Eastern
Liberty TV:Europe/London
Life Network (CA):Canada/Eastern
Life OK:Asia/Kolkata
LifeStyle FOOD:Australia/Sydney
LifeStyle HOME:Australia/Sydney
LifeStyle You. (AU):Australia/Sydney
LifeStyle:Australia/Sydney
LifeTalk Network (US):US/Eastern
Lifetime (CA):Canada/Eastern
lifetime real women (US):US/Eastern
Lifetime UK:Europe/London
Lifetime:US/Eastern
link TV (US):US/Eastern
Liquidation Channel (US):US/Eastern
Live Well NETWORK (US):US/Eastern
Living Asia Channel (PH):Asia/Manila
Living Faith TV (US):US/Eastern
Living:Europe/London
LLBN Arabic (US):US/Eastern
LLBN Chinese (US):US/Eastern
LLBN English (US):US/Eastern
LLBN Latino (US):US/Eastern
LLBN Southern Asia (US):US/Eastern
LLink (NL):Europe/Amsterdam
LMN:US/Eastern
Local 4 (US):US/Eastern
Logo:US/Eastern
LONDON LIVE (UK):Europe/London
LONGHORN NETWORK (US):US/Eastern
LOOKBOOK.nu (US):US/Eastern
Loveworld TV (UK):Europe/London
LRS (AU):Australia/Sydney
Luxury TV (UK):Europe/London
M1 (RU):Europe/Kaliningrad
M10 TV (AU):Australia/Sydney
M3 (CA):Canada/Eastern
M6:Europe/Paris
machinima.com (US):US/Eastern
MAD World (AU):Australia/Sydney
Madani Channel (UK):Europe/London
Made in Bristol (UK):Europe/London
Made in Cardiff (UK):Europe/London
Made in Leeds (UK):Europe/London
Made in Teesside (UK):Europe/London
Made in Tyne & Wear (UK):Europe/London
Magic:Europe/London
Magyar Televízió:Europe/Budapest
MAIN EVENT (AU):Australia/Sydney
maniaTV.com (US):US/Eastern
Maori Television:Pacific/Auckland
Marketplace (UK):Europe/London
MASTERPIECE MOVIES (AU):Australia/Sydney
MATV:Europe/London
MavTV:US/Eastern
Max (AU):Australia/Sydney
MAX (NL):Europe/Amsterdam
MBC Drama:Asia/Seoul
MBC Every 1:Asia/Seoul
MBC Plus Media:Asia/Seoul
MBC Queen:Asia/Seoul
MBC:Asia/Seoul
MBN:Asia/Seoul
MBS:Asia/Tokyo
MCM:Europe/Paris
MDR:Europe/Berlin
MDV (AU):Australia/Sydney
Mega Channel:Europe/Athens
meGa tv (US):US/Eastern
MeTV (US):US/Eastern
Mexicanal (US):US/Eastern
MGM (UK):Europe/London
MGM HD (US):US/Eastern
MGS (AU):Australia/Sydney
MHz Worldview (US):US/Eastern
mid-atlantic sports network (US):US/Eastern
Military Channel:US/Eastern
MILITARY HISTORY (US):US/Eastern
MiND: Media Independence (US):US/Eastern
Minnesota Channel (US):US/Eastern
MKTV (US):US/Eastern
MLB EXTRA INNINGS (US):US/Eastern
MLB NETWORK (US):US/Eastern
MLS DIRECT KICK (US):US/Eastern
Mnet AMERICA (US):US/Eastern
M-Net:Africa/Johannesburg
Mnet:Asia/Seoul
MNN:US/Eastern
MOJO (US):US/Eastern
Mondo TV:Europe/Rome
MoonTV:Europe/Helsinki
More Than Movies (UK):Europe/London
More4:Europe/London
Motors TV (UK):Europe/London
Movie Central:Canada/Eastern
MOVIE CHANNEL (US):US/Eastern
Movie Extra (AU):Australia/Sydney
movieplex (US):US/Eastern
Movies 24 (UK):Europe/London
MOVIES! (US):US/Eastern
Movies4Men (UK):Europe/London
mp (CA):Canada/Eastern
MSG (US):US/Eastern
MSG+ (US):US/Eastern
MSNBC:US/Eastern
mstv entertainment (UK):Europe/London
MTA Muslim TV (UK):Europe/London
MTN (AU):Australia/Sydney
MTV (AU):Australia/Sydney
MTV (CA):Canada/Eastern
MTV (FI):Europe/Helsinki
MTV (UK):Europe/London
MTV (US):US/Eastern
MTV Base:Europe/London
MTV Brazil:America/Sao_Paulo
MTV Central (DE):Europe/Berlin
MTV CLASSIC (AU):Australia/Sydney
MTV CLASSIC (UK):Europe/London
MTV DANCE (AU):Australia/Sydney
MTV Dance:Europe/London
MTV HITS (UK):Europe/London
MTV Hits:US/Eastern
MTV Italia:Europe/Rome
MTV Jams (US):US/Eastern
MTV LIVE (UK):Europe/London
MTV Mandarin:Asia/Taipei
MTV MUSIC (AU):Australia/Sydney
MTV MUSIC (UK):Europe/London
MTV Nederland:Europe/Amsterdam
MTV Poland:Europe/Warsaw
MTV ROCKS (UK):Europe/London
MTV:US/Eastern
MTV2 (CA):Canada/Eastern
MTV2:US/Eastern
MTV3:Europe/Helsinki
mtvU (US):US/Eastern
Much (CA):Canada/Eastern
Much TV:Asia/Taipei
MuchMusic (CA):Canada/Eastern
Multimedios Television (US):US/Eastern
Multishow:America/Sao_Paulo
mun2 (US):US/Eastern
Mundo Nick (MX):America/Mexico_City
Mundo Nick (PR):America/Puerto_Rico
MUNDOFOX (US):US/Eastern
MundoVision (US):US/Eastern
MusiquePlus:Canada/Eastern
Mustard TV (UK):Europe/London
MUTV:Europe/London
My Channel (UK):Europe/London
My family tv (US):US/Eastern
my38 (US):US/Eastern
my9 (US):US/Eastern
Mya:Europe/Rome
MyDestination.tv (US):US/Eastern
mynetworkTV (US):US/Eastern
MyNetworkTV:US/Eastern
myspace.com (US):US/Eastern
mystery TV (CA):Canada/Eastern
MYXTV (US):US/Eastern
Nagoya Broadcasting Network (JP):Asia/Tokyo
Nagoya Broadcasting Network:Asia/Tokyo
NASA TELEVISION (US):US/Eastern
NAT GEO PEOPLE (AU):Australia/Sydney
NAT GEO WILD (AU):Australia/Sydney
NAT GEO WILD (UK):Europe/London
Nat Geo Wild:US/Eastern
National Geographic (UK):Europe/London
National Geographic (US):US/Eastern
National Geographic Adventure:US/Eastern
NATIONAL GEOGRAPHIC CHANNEL (AU):Australia/Sydney
NATIONAL GEOGRAPHIC CHANNEL (CA):Canada/Eastern
National Geographic Nederland-België:Europe/Amsterdam
National Jewish Television (US):US/Eastern
NAVER tvcast:Asia/Seoul
NBA League Pass (US):US/Eastern
NBA TV (US):US/Eastern
NBA TV:US/Eastern
NBC 4 NEW YORK (US):US/Eastern
NBC 4 Southern California (US):US/Eastern
NBC 4 WASHINGTON D.C. (US):US/Eastern
NBC 5 Chicago (US):US/Eastern
NBC:US/Eastern
NBCSN (US):US/Eastern
NBCSN:US/Eastern
NBN (AU):Australia/Sydney
NCRV:Europe/Amsterdam
NDR:Europe/Berlin
NDTV 24x7 (UK):Europe/London
NDTV 24x7:Asia/Kolkata
NDTV India:Asia/Kolkata
NECN (US):US/Eastern
NECO:Asia/Tokyo
Nejat TV (US):US/Eastern
Nelonen:Europe/Helsinki
NEN (AU):Australia/Sydney
neonalley.com (US):US/Eastern
NET 5:Europe/Amsterdam
Netflix (UK):Europe/London
Netflix:US/Eastern
Network Ten:Australia/Sydney
NEW (AU):Australia/Sydney
New England Sports Network (US):US/Eastern
New Greek TV (US):US/Eastern
New Tang Dynasty TV:US/Eastern
NEWS 12 BROOKLYN (US):US/Eastern
NEWS 12 CONNECTICUT (US):US/Eastern
NEWS 12 HUDSON VALLEY (US):US/Eastern
NEWS 12 LONG ISLAND (US):US/Eastern
NEWS 12 NEW JERSEY (US):US/Eastern
NEWS 12 THE BRONX (US):US/Eastern
NEWS 12 TRAFFIC AND WEATHER (US):US/Eastern
NEWS 12 WESTCHESTER (US):US/Eastern
NEWS 13 (US):US/Eastern
NEWS CHANNEL 9 (US):US/Eastern
News One:Asia/Karachi
News9NOW (US):US/Eastern
NewsChannel 8 (US):US/Eastern
NewsOn6NOW (US):US/Eastern
NewsWatch 15 (US):US/Eastern
NFL NETWORK (US):US/Eastern
NFL Network:US/Eastern
NFL Redzone (US):US/Eastern
NFL Sunday Ticket (US):US/Eastern
NFL Sunday Ticket Redzone (US):US/Eastern
NHK World (UK):Europe/London
NHK:Asia/Tokyo
NHK Animax:Asia/Tokyo
NHL Center Ice (US):US/Eastern
NHL NETWORK (US):US/Eastern
NHNZ:Pacific/Auckland
Nick (DE):Europe/Berlin
Nick at Nite:US/Eastern
Nick GAS:US/Eastern
nick jr. (AU):Australia/Sydney
nick jr. (UK):Europe/London
nick jr. 2. (UK):Europe/London
Nick Jr.:US/Eastern
nick@nite (US):US/Eastern
nickelodeon (AU):Australia/Sydney
nickelodeon (CA):Canada/Eastern
Nickelodeon (DE):Europe/Berlin
Nickelodeon (NL):Europe/Amsterdam
nickelodeon (UK):Europe/London
Nickelodeon:US/Eastern
nickToons (UK):Europe/London
NickToons Network:US/Eastern
NickToons:US/Eastern
Niconico:Asia/Tokyo
Nine Network:Australia/Sydney
Nippon Television:Asia/Tokyo
NITV (AU):Australia/Sydney
Noggin:US/Eastern
Nolife:Europe/Paris
Nollywood Movies (UK):Europe/London
Noor TV (UK):Europe/London
Northern Television (CA):Canada/Eastern
NOS:Europe/Amsterdam
Notts TV (UK):Europe/London
Nou 24:Europe/Madrid
Nou Televisió:Europe/Madrid
nova (CZ):Europe/Prague
Nova TV (HR):Europe/Zagreb
NovaTV:Europe/Sofia
NPS (NL):Europe/Amsterdam
NRB (US):US/Eastern
NRJ 12:Europe/Paris
NRK Super:Europe/Oslo
NRK1:Europe/Oslo
NRK2:Europe/Oslo
NRK3:Europe/Oslo
NRN (AU):Australia/Sydney
NT1:Europe/Paris
NTA:Africa/Lagos
NTD (AU):Australia/Sydney
NTR:Europe/Amsterdam
NTV (JP):Asia/Tokyo
NTV (TW):Asia/Taipei
NTV (UK):Europe/London
NTV:Asia/Tokyo
n-tv:Europe/Berlin
NUVOtv (US):US/Eastern
NVTV (UK):Europe/London
NWCN (US):US/Eastern
NWS (AU):Australia/Sydney
NY1 (US):US/Eastern
NYCTV life (US):US/Eastern
Oasis HD:Canada/Eastern
OCN:Canada/Eastern
OCS:Europe/Paris
Oireachtas TV (IE):Europe/Dublin
Olive TV (UK):Europe/London
Olive:Asia/Seoul
OLN:Canada/Eastern
OMNI TELEVISION (CA):Canada/Eastern
Omni:Canada/Eastern
Omroep Brabant:Europe/Amsterdam
Omroep MAX:Europe/Amsterdam
Omrop Fryslân (NL):Europe/Amsterdam
one (AU):Australia/Sydney
ONE (NZ):Pacific/Auckland
One America NEWS NETWORK (US):US/Eastern
One World Sport (US):US/Eastern
OnStyle:Asia/Seoul
Open Heaven TV (UK):Europe/London
Oprah Winfrey Network:US/Eastern
Ora TV:US/Eastern
Orbit Network (PK):Asia/Karachi
ORF 1:Europe/Vienna
ORF 2:Europe/Vienna
ORF III:Europe/Vienna
ORF1 (DE):Europe/Berlin
ORTF:Europe/Paris
Outdoor Channel:US/Eastern
Outside TELEVISION (US):US/Eastern
OUTtv (CA):Canada/Eastern
Ovation TV:US/Eastern
ovationchannel.com.au:Australia/Sydney
Overcomer Ministries (US):US/Eastern
OWN (CA):Canada/Eastern
OWN:US/Eastern
Oxygen:US/Eastern
P5tv (IE):Europe/Dublin
Pac-12 Arizona (US):US/Eastern
Pac-12 Bay Area (US):US/Eastern
Pac-12 Los Angeles (US):US/Eastern
Pac-12 Mountain (US):US/Eastern
Pac-12 Network (US):US/Eastern
Pac-12 Oregon (US):US/Eastern
Pac-12 Washington (US):US/Eastern
Pakapaka:America/Buenos_Aires
Pakistan Television Corporation (PK):Asia/Karachi
palladia (US):US/Eastern
Paramount Comedy:Europe/London
Paris Première (FR):Europe/Paris
Pastor Scott (US):US/Eastern
PaverShoes.tv (UK):Europe/London
Pay-Per-View (US):US/Eastern
PBJ (US):US/Eastern
PBS AMERICA (UK):Europe/London
PBS Kids Sprout:US/Eastern
PBS:US/Eastern
PCNC (US):US/Eastern
Peace TV (UK):Europe/London
Peace tv (US):US/Eastern
Peace TV Urdu (UK):Europe/London
Peachtree TV (US):US/Eastern
Pets.tv (US):US/Eastern
Phoenix TV:Asia/Shanghai
Phoenix XNE (UK):Europe/London
Phoenix:Europe/Berlin
Pick TV:Europe/London
Pitch TV (UK):Europe/London
Pitch World (UK):Europe/London
pivot:US/Eastern
PIX 11 (US):US/Eastern
Planet Green:US/Eastern
Planet POP (UK):Europe/London
Playboy TV:US/Eastern
Playhouse Disney:US/Eastern
PlayJam:Europe/London
PlayStation Network:US/Eastern
Plug RTL:Europe/Brussels
Polsat:Europe/Warsaw
POP (UK):Europe/London
Pop Girl (UK):Europe/London
Pop:US/Eastern
PowNed:Europe/Amsterdam
Praise TV (UK):Europe/London
Premier Sports (UK):Europe/London
Premiere (DE):Europe/Berlin
PREMIERE MOVIES (AU):Australia/Sydney
Press TV:Asia/Tehran
Price Drop (UK):Europe/London
Prima Family (CZ):Europe/Prague
Prima televize:Europe/Prague
Prime (BE):Europe/Brussels
Prime (NZ):Pacific/Auckland
PRiME7 (AU):Australia/Sydney
Primetime (UK):Europe/London
PRO TV:Europe/Bucharest
propellor (UK):Europe/London
ProSieben:Europe/Berlin
Psychic Today (UK):Europe/London
PTC Global (UK):Europe/London
PTC Prime (UK):Europe/London
PTC Punjabi (UK):Europe/London
PTS HD:Asia/Taipei
PTS:Asia/Taipei
PTV (AU):Australia/Sydney
PTV Bolan:Asia/Karachi
PTV Global:US/Eastern
PTV Home:Asia/Karachi
PTV News:Asia/Karachi
Pub Channel:Europe/London
Puls 4:Europe/Vienna
PUNCH TV NETWORK (US):US/Eastern
pursuit CHANNEL (US):US/Eastern
Q (PH):Asia/Manila
Q Television Network (US):US/Eastern
Q TV:Europe/London
QQQ (AU):Australia/Sydney
QTQ (AU):Australia/Sydney
QTV:Asia/Karachi
qubo (US):US/Eastern
QUEST (UK):Europe/London
QVC (UK):Europe/London
QVC Beauty (UK):Europe/London
QVC Extra (UK):Europe/London
QVC Style (UK):Europe/London
QVC:US/Eastern
Racing UK:Europe/London
Radio Bremen:Europe/Berlin
Radio Canada:Canada/Eastern
Radio-Canada:Canada/Eastern
radX:Canada/Eastern
Rai 1:Europe/Rome
Rai 2:Europe/Rome
Rai 3:Europe/Rome
RAI:Europe/Rome
RBB:Europe/Berlin
RCN TV:America/Bogota
RCTI:Asia/Jakarta
RCTV:America/Caracas
RDI:Canada/Eastern
Real Hip-Hop Network (US):US/Eastern
REALLY (UK):Europe/London
RECIPE.TV (US):US/Eastern
Record TV (UK):Europe/London
Record:America/Sao_Paulo
Red Hot TV:Europe/London
Rede Bandeirantes:America/Sao_Paulo
Rede Globo:America/Sao_Paulo
RedeTV! (BR):America/Sao_Paulo
ReelzChannel:US/Eastern
Reformation Channel (US):US/Eastern
Renault TV (UK):Europe/London
Retail TV (UK):Europe/London
Rete 4:Europe/Rome
retro tv (US):US/Eastern
Revelation TV:Europe/London
Revision3:US/Eastern
REVOLT (US):US/Eastern
RFD-TV (US):US/Eastern
RHC (AU):Australia/Sydney
Ricavision channel 7 (ES):Europe/Madrid
Ríkisútvarpið (IS):Atlantic/Reykjavik
RIPE TV (US):US/Eastern
Rishtey (UK):Europe/London
RKK (NL):Europe/Amsterdam
RLTV:US/Eastern
RMC Découverte:Europe/Paris
rmusic TV:Europe/London
rocketjump.com (US):US/Eastern
Rocks & Co. (UK):Europe/London
ROCKS TV (US):US/Eastern
ROGERS TV (CA):Canada/Eastern
Romance MOVIES (AU):Australia/Sydney
Rooster Teeth:US/Eastern
roosterteeth.com (US):US/Eastern
ROOT SPORTS NORTHWEST (US):US/Eastern
ROOT SPORTS PITTSBURGH (US):US/Eastern
ROOT SPORTS ROCKY MOUNTAIN (US):US/Eastern
ROOT SPORTS UTAH (US):US/Eastern
rox.com (US):US/Eastern
Royal News:Asia/Karachi
RPC Canal 4 (PA):America/Panama
RPN (PH):Asia/Manila
RSC (US):US/Eastern
RT (UK):Europe/London
RT America (US):US/Eastern
RT:Europe/Kaliningrad
RTBF:Europe/Brussels
rté jr (IE):Europe/Dublin
RTÉjr:Europe/Dublin
RTÉ NEWS NOW (IE):Europe/Dublin
RTÉ One:Europe/Dublin
RTÉ Two:Europe/Dublin
RTL 2 (DE):Europe/Berlin
RTL 4:Europe/Amsterdam
RTL 5:Europe/Amsterdam
RTL 7:Europe/Amsterdam
RTL 8:Europe/Amsterdam
RTL Klub:Europe/Budapest
RTL Nitro (DE):Europe/Berlin
RTL Television:Europe/Berlin
RTL Televizija:Europe/Zagreb
RTL TVI:Europe/Brussels
RTL:Europe/Luxembourg
RTM2 (MY):Asia/Kuala_Lumpur
RTP Açores:Europe/Lisbon
RTP África:Europe/Lisbon
RTP Internacional:Europe/Lisbon
RTP Madeira:Europe/Lisbon
RTP N:Europe/Lisbon
RTP1:Europe/Lisbon
RTP2 (PT):Europe/Lisbon
RTQ (AU):Australia/Sydney
RTS (AU):Australia/Sydney
RTS Un:Europe/Zurich
RTV Noord (NL):Europe/Amsterdam
RTV Noord-Holland (NL):Europe/Amsterdam
RTV Oost (NL):Europe/Amsterdam
RTV Rijnmond (NL):Europe/Amsterdam
RTV Utrecht (NL):Europe/Amsterdam
RTV West (NL):Europe/Amsterdam
RURAL TV (US):US/Eastern
Russia Today:Europe/Kaliningrad
RVU:Europe/Amsterdam
S4/C:Europe/London
S4C2:Europe/London
SAB tv (UK):Europe/London
Sab TV:Asia/Kolkata
SABC 1 (ZA):Africa/Johannesburg
SABC1:Africa/Johannesburg
SABC2:Africa/Johannesburg
SABC3:Africa/Johannesburg
Sabres Hockey Network (US):US/Eastern
SafeTV (US):US/Eastern
Sahara One (UK):Europe/London
Sahara ONE:Asia/Kolkata
SAMAA TV (UK):Europe/London
Sangat TV (UK):Europe/London
Sanskar:Asia/Kolkata
SAS (AU):Australia/Sydney
Sat. 1 Comedy (DE):Europe/Berlin
SAT.1:Europe/Berlin
SBS (AU):Australia/Sydney
SBS 6:Europe/Amsterdam
SBS Plus:Asia/Seoul
SBS:Asia/Seoul
SBS2 (AU):Australia/Sydney
SBT:America/Sao_Paulo
SBTN (US):US/Eastern
Schweizer Fernsehen:Europe/Zurich
Science Channel:US/Eastern
Sci-Fi (NL):Europe/Amsterdam
SciFi:US/Eastern
Scuzz:Europe/London
SEC ESPN NETWORK (US):US/Eastern
Semerkand TV:Europe/Istanbul
Séries+:Canada/Eastern
Servus TV:Europe/Vienna
SES (AU):Australia/Sydney
SET Max (UK):Europe/London
SET MAX:Asia/Kolkata
SET Metro:Asia/Taipei
SET TV:Asia/Taipei
Setanta Ireland:Europe/Dublin
SETANTA SPORTS (AU):Australia/Sydney
SETANTA SPORTS 1 (IE):Europe/Dublin
Seven Network:Australia/Sydney
Shalom TV (US):US/Eastern
SHAW TV (CA):Canada/Eastern
Sheffield Live! (UK):Europe/London
Shepherd's Chapel Network (US):US/Eastern
SHO NEXT (US):US/Eastern
sho.com (US):US/Eastern
Shopping Channel (CA):Canada/Eastern
Show TV:Europe/Istanbul
showcase (AU):Australia/Sydney
Showcase (CA):Canada/Eastern
Showcase (UK):Europe/London
SHOWCASE (US):US/Eastern
Showcase 2 (UK):Europe/London
Showcase:Canada/Eastern
SHOWTIME BEYOND (US):US/Eastern
SHOWTIME eXtreme (US):US/Eastern
Showtime:US/Eastern
SHOWTIME2 (US):US/Eastern
SHQP (US):US/Eastern
SIC Comédia:Europe/Lisbon
SIC Mulher:Europe/Lisbon
SIC Notícias:Europe/Lisbon
SIC Radical:Europe/Lisbon
SIC Sempre Gold:Europe/Lisbon
SIC:Europe/Lisbon
Sikh Channel (UK):Europe/London
Sino TV (US):US/Eastern
Sirasa:Asia/Colombo
Sixx:Europe/Berlin
Sjónvarpið (IS):Atlantic/Reykjavik
Skai:Europe/Athens
Skjár einn (IS):Atlantic/Reykjavik
Skuff TV (AU):Australia/Sydney
sky 3D (UK):Europe/London
sky ARTS 2 (UK):Europe/London
Sky Arts:Europe/London
Sky Atlantic HD (DE):Europe/Berlin
Sky Atlantic (IT):Europe/Rome
Sky Atlantic:Europe/London
Sky Box Office:Europe/London
SKY Business TV (AU):Australia/Sydney
Sky Cinema (IT):Europe/Rome
Sky Cinema (UK):Europe/London
Sky Cinema:Europe/London
Sky Deutschland:Europe/Berlin
SKY International (AU):Australia/Sydney
Sky Link TV (US):US/Eastern
sky LIVING LOVES (UK):Europe/London
Sky Living:Europe/London
sky LIVINGit (UK):Europe/London
sky MOVIES ACTION & ADVENTURE (UK):Europe/London
sky MOVIES COMEDY (UK):Europe/London
sky MOVIES CRIME & THRILLER (UK):Europe/London
sky MOVIES DiSNEY (UK):Europe/London
sky MOVIES DRAMA & ROMANCE (UK):Europe/London
sky MOVIES FAMILY (UK):Europe/London
sky MOVIES PREMIERE (UK):Europe/London
sky MOVIES SCI FI & HORROR (UK):Europe/London
sky MOVIES SELECT (UK):Europe/London
sky MOVIES SHOWCASE (UK):Europe/London
sky MOVIES SUPERHEROES (UK):Europe/London
Sky Movies:Europe/London
sky NEWS (AU):Australia/Sydney
sky NEWS ARABIA (UK):Europe/London
sky NEWS BUSINESS (AU):Australia/Sydney
Sky News Ireland:Europe/Dublin
sky NEWS WEATHER (AU):Australia/Sydney
Sky News:Europe/London
SKY PerfecTV!:Asia/Tokyo
SKY Racing (AU):Australia/Sydney
sky Real Lives (UK):Europe/London
SKY Ringside (AU):Australia/Sydney
sky SPORTS 2 (UK):Europe/London
sky SPORTS 3 (UK):Europe/London
sky SPORTS 4 (UK):Europe/London
sky SPORTS 5 (UK):Europe/London
sky SPORTS F1 (UK):Europe/London
sky SPORTS NEWS HQ (UK):Europe/London
Sky Sports:Europe/London
Sky Travel:Europe/London
Sky Uno:Europe/Rome
Sky1:Europe/London
Sky2:Europe/London
Sky3:Europe/London
SkyPerfecTV (JP):Asia/Tokyo
Sleuth (TV):US/Eastern
Sleuth:US/Eastern
Slice:Canada/Eastern
Smart Live Casino (UK):Europe/London
Smash Hits:Europe/London
Smile of a Child TV (US):US/Eastern
Smithsonian Channel:US/Eastern
Smooth (AU):Australia/Sydney
SNN LOCAL NEWS (US):US/Eastern
SOAPnet:US/Eastern
SoHo:Australia/Sydney
SonBeam Channel (US):US/Eastern
SonLife Broadcasting Channel (UK):Europe/London
SonLife Broadcasting Network (US):US/Eastern
Sony Entertainment Television (BR):America/Sao_Paulo
Sony Entertainment Television (CL):America/Santiago
Sony Entertainment Television (IN):Asia/Kolkata
Sony Entertainment Television (PE):America/Lima
SONY ENTERTAINMENT TELEVISION (UK):Europe/London
Sony Entertainment Television Asia (UK):Europe/London
Sony Entertainment Television:US/Eastern
SONY Movie Channel (UK):Europe/London
SONY MOVIE CHANNEL (US):US/Eastern
Sony TV:Asia/Kolkata
Soul of the South Television Network (US):US/Eastern
Soundtrack Channel (US):US/Eastern
Southern Cross TELEVISION (AU):Australia/Sydney
Southern Cross Ten (AU):Australia/Sydney
Space:Canada/Eastern
SPEED (AU):Australia/Sydney
Speed:US/Eastern
Spektrum:Europe/Budapest
Spiegel Geschichte (DE):Europe/Berlin
SPIKE (UK):Europe/London
Spike TV:US/Eastern
Spirit (US):US/Eastern
Spirit Word (US):US/Eastern
spookyland.com (US):US/Eastern
Sports Network (CA):Canada/Eastern
Sports Network 2 (CA):Canada/Eastern
SPORTS TIME OHIO (US):US/Eastern
Sports Tonight Live (UK):Europe/London
Sportsman Channel:US/Eastern
Sportsnet 360 (CA):Canada/Eastern
SportsNet New York (US):US/Eastern
Sportsnet Ontario (CA):Canada/Eastern
SPORTSNET WORLD (CA):Canada/Eastern
Sprout (US):US/Eastern
spt tv (US):US/Eastern
SR:Europe/Berlin
SRF 1:Europe/Zurich
Star Channel (GR):Europe/Athens
STAR Chinese Channel:Asia/Taipei
Star Gold (UK):Europe/London
STAR Gold:Asia/Kolkata
Star Life Ok (UK):Europe/London
STAR Movies:Asia/Hong_Kong
STAR News:Asia/Kolkata
STAR One:Asia/Kolkata
Star Plus (UK):Europe/London
STAR Plus:Asia/Kolkata
STAR Sports Asia:Asia/Hong_Kong
STAR Sports Hong Kong:Asia/Hong_Kong
STAR Sports India:Asia/Kolkata
STAR Sports Malaysia:Asia/Kuala_Lumpur
STAR Sports Southeast Asia:Asia/Hong_Kong
STAR Sports Taiwan:Asia/Taipei
Star TV:Europe/Istanbul
STAR Vijay:Asia/Kolkata
Star World (IN):Asia/Kolkata
Star World (MV):Indian/Maldives
Star World (SG):Asia/Singapore
Star World:Asia/Hong_Kong
startreknewvoyages.com (US):US/Eastern
starz INBLACK (US):US/Eastern
starz KIDS & FAMILY (US):US/Eastern
Starz TV (UK):Europe/London
Starz!:US/Eastern
Steel:Europe/Rome
Stöð 2 (IS):Atlantic/Reykjavik
Stöð 2:Atlantic/Reykjavik
Store (UK):Europe/London
STQ (AU):Australia/Sydney
STUDIO (AU):Australia/Sydney
Studio 23:Asia/Manila
STV (AU):Australia/Sydney
STV (TW):Asia/Taipei
STV (UK):Europe/London
STV Edinburgh (UK):Europe/London
STV Glasgow (UK):Europe/London
STV:Europe/London
STW (AU):Australia/Sydney
Style (AU):Australia/Sydney
style. NETWORK (UK):Europe/London
Style:US/Eastern
Sub:Europe/Helsinki
SUN music:Asia/Kolkata
SUN NEWS NETWORK (CA):Canada/Eastern
SUN news:Asia/Kolkata
SUN TV:Asia/Kolkata
SundanceTV:US/Eastern
Sunrise TV (UK):Europe/London
SUN-TV (JP):Asia/Tokyo
SuoimiTV:Europe/Helsinki
Super Casino (UK):Europe/London
Super Channel 2 (CA):Canada/Eastern
Super Channel 3 (CA):Canada/Eastern
Super Channel 4 (CA):Canada/Eastern
Super Channel:Canada/Eastern
SUPER ÉCRAN (CA):Canada/Eastern
Super Écran:Canada/Eastern
Super RTL (DE):Europe/Berlin
Super!:Europe/Rome
Superstation WGN:US/Eastern
SVT:Europe/Stockholm
SVT1:Europe/Stockholm
SVT2:Europe/Stockholm
SVT24:Europe/Stockholm
SVTB:Europe/Stockholm
Swarnawahini:Asia/Colombo
Swearnet:Canada/Eastern
SWR:Europe/Berlin
Syfy (AU):Australia/Sydney
Syfy (UK):Europe/London
SyFy Universal (DE):Europe/Berlin
SyFy.com (US):US/Eastern
Syfy:US/Eastern
Syndicated (AU):Australia/Sydney
Syndicated (JP):Asia/Tokyo
Syndicated (UK):Europe/London
Syndicated:US/Eastern
Syndication (CA):Canada/Eastern
Syndication:US/Eastern
tagesschau24 (DE):Europe/Berlin
Tai Seng Sat TV (US):US/Eastern
Takbeer TV (UK):Europe/London
Tapesh TV (US):US/Eastern
TBN (Trinity Broadcasting Network):US/Eastern
TBN Enlace (US):US/Eastern
TBN Europe (UK):Europe/London
TBN Russia (US):US/Eastern
TBS (DE):Europe/Berlin
TBS (JP):Asia/Tokyo
TBS:US/Eastern
TBS Superstation:US/Eastern
TCM:Europe/London
TCN (AU):Australia/Sydney
TCT (US):US/Eastern
TCT Family (US):US/Eastern
TDT (AU):Australia/Sydney
TeenNick:US/Eastern
Télé (CA):Canada/Eastern
Tele 5:Europe/Berlin
Tele Curacao (AN):America/Lower_Princes
Télé Monte Carlo (FR):Europe/Paris
Teleac (NL):Europe/Amsterdam
TELECARE (US):US/Eastern
Telecinco 5 (ES):Europe/Madrid
Telecinco:Europe/Madrid
Teledoce:America/Montevideo
TeleG:Europe/London
TeLeHiTs (US):US/Eastern
Telemundo (MX):America/Mexico_City
TELEMUNDO PUERTO RICO (US):US/Eastern
Telemundo:US/Eastern
Télé-Québec:Canada/Eastern
TeLe-Romántica (US):US/Eastern
Teletama:Europe/Madrid
Teletoon:Canada/Eastern
Télétoon:Europe/Paris
Televen:America/Caracas
Televisa:America/Mexico_City
Televisió de Catalunya (ES):Europe/Madrid
Televisión de Galicia:Europe/Madrid
Television Osaka:Asia/Tokyo
TeleZüri:Europe/Zurich
Tempo Network (US):US/Eastern
TEN Sports:Asia/Kolkata
TENNIS CHANNEL (US):US/Eastern
TestTube:US/Eastern
téva:Europe/Paris
TevéCiudad:America/Montevideo
TF1:Europe/Paris
TF6 (FR):Europe/Paris
TFO:Canada/Eastern
TG4:Europe/Dublin
TGRT Haber:Europe/Istanbul
Thames Television:Europe/London
Thane Direct (UK):Europe/London
That's Hampshire (UK):Europe/London
That's Oxford (UK):Europe/London
That's Reading (UK):Europe/London
That's Salisbury (UK):Europe/London
That's Solent (UK):Europe/London
That's Surrey (UK):Europe/London
The Africa Channel:Europe/London
The Amp:Europe/London
The Box:Europe/London
The CW:US/Eastern
The Den:Europe/Dublin
The Family Channel:US/Eastern
The Hub:US/Eastern
The History Channel:US/Eastern
The Movie Network:Canada/Eastern
The Sportsman Channel:US/Eastern
The Verge:US/Eastern
The WB:US/Eastern
The Weather Channel:US/Eastern
thebaytheseries.com (US):US/Eastern
TheBlaze:US/Eastern
this TV network (US):US/Eastern
This TV:US/Eastern
THRILLER MOVIES (AU):Australia/Sydney
Tien (NL):Europe/Amsterdam
Time Warner Cable News Austin (US):US/Eastern
Time Warner Cable News Buffalo (US):US/Eastern
Time Warner Cable News Capital Region (US):US/Eastern
Time Warner Cable News Central New York (US):US/Eastern
Time Warner Cable News North Carolina (US):US/Eastern
Time Warner Cable News Rochester (US):US/Eastern
TIME WARNER CABLE SPORTS CHANNEL (US):US/Eastern
Tiny Pop (UK):Europe/London
TITV:Asia/Taipei
TLC (AU):Australia/Sydney
TLC (UK):Europe/London
TLC:US/Eastern
TMC:Europe/Monaco
TMF:Europe/Amsterdam
TND (AU):Australia/Sydney
TNQ (AU):Australia/Sydney
TNT Serie:Europe/Berlin
TNT:US/Eastern
TNU:America/Montevideo
Toei Channel:Asia/Tokyo
Tokai TV (JP):Asia/Tokyo
Tokyo Broadcasting System:Asia/Tokyo
Tokyo MX:Asia/Tokyo
Toon Disney:US/Eastern
Total Living Network (US):US/Eastern
TPC (US):US/Eastern
TPS Star (FR):Europe/Paris
TQS:Canada/Eastern
tr3s (US):US/Eastern
Trace Sports (UK):Europe/London
Travel + Escape (CA):Canada/Eastern
travel CHANNEL (UK):Europe/London
Travel Channel:US/Eastern
Treehouse TV:Canada/Eastern
Trend E:Asia/Seoul
Trinity Broadcasting Network (US):US/Eastern
TROS:Europe/Amsterdam
TRT 1:Europe/Istanbul
TRT Arabic:Europe/Istanbul
TRT Avaz:Europe/Istanbul
TRT Belgesel:Europe/Istanbul
TRT Çocuk:Europe/Istanbul
TRT Diyanet:Europe/Istanbul
TRT Haber:Europe/Istanbul
TRT HD:Europe/Istanbul
TRT Kurdî:Europe/Istanbul
TRT Okul:Europe/Istanbul
TRT Türk:Europe/Istanbul
TRT World:Europe/Istanbul
True Drama (UK):Europe/London
True Entertainment (UK):Europe/London
True Movies 1 (UK):Europe/London
True Movies 2 (UK):Europe/London
TrueVisions:Asia/Bangkok
truTV (UK):Europe/London
truTV:US/Eastern
TRWAM (US):US/Eastern
TSI1 (CH):Europe/Zurich
TSN:Canada/Eastern
TSR:Europe/Zurich
TSR2 (CH):Europe/Zurich
TTV:Asia/Taipei
TUFF TV (US):US/Eastern
TURNER CLASSIC MOVIES (AU):Australia/Sydney
TURNER CLASSIC MOVIES (US):US/Eastern
Turner South:US/Eastern
TV 2 Charlie:Europe/Copenhagen
TV 2 Filmkanalen:Europe/Oslo
TV 2 Nyhetskanalen:Europe/Oslo
TV 2 Science Fiction:Europe/Oslo
TV 2 Sport:Europe/Oslo
TV 2 Zebra:Europe/Oslo
TV 2 Zulu:Europe/Copenhagen
TV 2:Europe/Copenhagen
TV 3:Europe/Copenhagen
TV 4:Europe/Warsaw
TV Aichi:Asia/Tokyo
TV Asahi:Asia/Tokyo
TV Asia (US):US/Eastern
TV Azteca:America/Mexico_City
TV Cabo:Europe/Lisbon
TV Chile:America/Santiago
TV Cultura:America/Sao_Paulo
TV Guide Channel:US/Eastern
TV HiTS (AU):Australia/Sydney
TV Hokkaido (JP):Asia/Tokyo
TV JAPAN (US):US/Eastern
TV Kanagawa (JP):Asia/Tokyo
TV Land:US/Eastern
TV Markíza (SK):Europe/Bratislava
TV Net:Europe/Istanbul
TV Nova:Europe/Prague
TV One (NZ):Pacific/Auckland
TV One (US):US/Eastern
TV ONE:Pacific/Auckland
TV One:US/Eastern
TV Osaka:Asia/Tokyo
TV Pública:America/Buenos_Aires
TV Saitama (JP):Asia/Tokyo
TV São Carlos:America/Buenos_Aires
TV Setouchi (JP):Asia/Tokyo
TV Shop (UK):Europe/London
TV Tokjo (DE):Europe/Berlin
TV Tokyo:Asia/Tokyo
TV Venezuela (US):US/Eastern
TV11:Europe/Stockholm
TV2 (NO):Europe/Oslo
TV2:Pacific/Auckland
TV3 (ES):Europe/Madrid
TV3 (IE):Europe/Dublin
TV3 (NO):Europe/Oslo
TV3 (NZ):Pacific/Auckland
TV3 (SE):Europe/Stockholm
TV3 Puls:Europe/Copenhagen
TV3:Europe/Stockholm
TV3+:Europe/Copenhagen
TV4 Fakta:Europe/Stockholm
TV4 Guld:Europe/Stockholm
TV4 Komedi:Europe/Stockholm
TV4 Plus:Europe/Stockholm
TV4 Science Fiction:Europe/Stockholm
TV4:Europe/Stockholm
TV4ME (AU):Australia/Sydney
TV5 Monde:Europe/Paris
TV5MONDE Europe (UK):Europe/London
TV6:Europe/Stockholm
TV7 (BG):Europe/Sofia
TV7 (SE):Europe/Stockholm
TV7:Europe/Stockholm
TV8:Europe/Stockholm
TVA (JP):Asia/Tokyo
TVA:Canada/Eastern
TVB Jade (HK):Asia/Hong_Kong
TVB Pearl (HK):Asia/Hong_Kong
TVB Xing He (HK):Asia/Hong_Kong
TVB:Asia/Shanghai
TVB1 (US):US/Eastern
TVB2 (US):US/Eastern
tvb8 (US):US/Eastern
TVBe (US):US/Eastern
TVBS (US):US/Eastern
TVBS Entertainment Channel:Asia/Taipei
TVBS:Asia/Shanghai
TVBV (US):US/Eastern
TVE:Europe/Madrid
TVE2 (ES):Europe/Madrid
TVG Network:US/Eastern
TVGN:US/Eastern
TVI:Europe/Lisbon
tvK (US):US/Eastern
tvk:Asia/Tokyo
TVM:Europe/Malta
TVN (AU):Australia/Sydney
TVN Style:Europe/Warsaw
TVN Turbo:Europe/Warsaw
tvN:Asia/Seoul
TVN:Europe/Warsaw
TVNorge:Europe/Oslo
TVNZ:Pacific/Auckland
TVO:Canada/Eastern
TVOne Global:Asia/Karachi
TVP SA:Europe/Warsaw
TVP:Europe/Warsaw
TVP1:Europe/Warsaw
TVP2:Europe/Warsaw
TVQ (AU):Australia/Sydney
TVQ (Australia):Australia/Sydney
TVQ (Japan):Asia/Tokyo
TVRI:Asia/Jakarta
TVS China:Asia/Shanghai
TVS Sydney:Australia/Sydney
TVS:Australia/Sydney
TVSN (AU):Australia/Sydney
TVT (AU):Australia/Sydney
TVU music television (US):US/Eastern
TVW (AU):Australia/Sydney
TWC Deportes (US):US/Eastern
TWC SportsNet (US):US/Eastern
TWiT:US/Eastern
TXCN (US):US/Eastern
UBC Channel 10 (TH):Asia/Bangkok
UBC TV NETWORK (US):US/Eastern
UCB TV (UK):Europe/London
UFC FIGHT PASS (US):US/Eastern
UK Entertainment Channel:Europe/London
UKTV Drama:Europe/London
UKTV Food:Europe/London
UKTV Gold:Europe/London
UKTV History:Europe/London
UKTV Style:Europe/London
UKTV Yesterday:Europe/London
Ülke TV:Europe/Istanbul
Ummah Channel (UK):Europe/London
UMP Movies (UK):Europe/London
UMP Stars (UK):Europe/London
UND SPORTS NETWORK (US):US/Eastern
unIMÁS East (US):US/Eastern
UNIVERSAL CHANNEL (AU):Australia/Sydney
UNIVERSAL CHANNEL (UK):Europe/London
Universal Channel:America/Sao_Paulo
Universal Christian (US):US/Eastern
UNIVERSAL HD (US):US/Eastern
UNIVERSAL SPORTS NETWORK (US):US/Eastern
University of California Television (US):US/Eastern
University of Washington Television (US):US/Eastern
univision DEPORTES NETWORK (US):US/Eastern
Univision:US/Eastern
Unknown (AU):Australia/Sydney
Unknown (CA):Canada/Eastern
Unknown (DE):Europe/Berlin
Unknown (FR):Europe/Paris
Unknown (IE):Europe/Dublin
Unknown (IS):Atlantic/Reykjavik
Unknown (IT):Europe/Rome
Unknown (JP):Asia/Tokyo
Unknown (MK):Europe/Skopje
Unknown (MX):America/Mexico_City
Unknown (NL):Europe/Amsterdam
Unknown (NZ):Pacific/Auckland
Unknown (PT):Europe/Lisbon
Unknown (RU):Europe/Kaliningrad
Unknown (SE):Europe/Stockholm
Unknown (UK):Europe/London
Unknown (US):US/Eastern
UNTAMED SPORTS tv (US):US/Eastern
UNTV (US):US/Eastern
UNTV 37:Asia/Manila
UP (US):US/Eastern
UP TV:US/Eastern
UPN:US/Eastern
USA Network:US/Eastern
Ustream:US/Eastern
UTV (UK):Europe/London
UTV:Europe/Dublin
V Channel (UK):Europe/London
V:Canada/Eastern
VARA:Europe/Amsterdam
Varsity TV:US/Eastern
Vault (UK):Europe/London
Velocity:US/Eastern
VENEVISION INTERNATIONAL (US):US/Eastern
Venevision:America/Caracas
Venus TV (UK):Europe/London
Veronica:Europe/Amsterdam
VH1 (UK):Europe/London
VH1 Classics:US/Eastern
VH1 Soul (US):US/Eastern
VH1:US/Eastern
Viasat 4:Europe/Oslo
Viceland (US):US/Eastern
Viceland (CA):US/Eastern
Victory Television Network (US):US/Eastern
Videoland Television Network:Asia/Taipei
Viên Thao TV (US):US/Eastern
VIER:Europe/Brussels
VijfTV:Europe/Brussels
Vimeo:US/Eastern
Vintage TV (UK):Europe/London
Vision (UK):Europe/London
Vision 2 (UK):Europe/London
Vision Heaven (US):US/Eastern
VISION ZOOMER TELEVISION (CA):Canada/Eastern
VIVA (DE):Europe/Berlin
VIVA (PL):Europe/Warsaw
VIVA (UK):Europe/London
VK3RTV (AU):Australia/Sydney
Vme (US):US/Eastern
VODO (US):US/Eastern
Volksmusik TV:Europe/Berlin
VOX:Europe/Berlin
VoxAfrica (UK):Europe/London
Voyage:Europe/Paris
VPRO:Europe/Amsterdam
Vrak.TV:Canada/Eastern
VT4:Europe/Brussels
VTM:Europe/Brussels
vtmKzoom:Europe/Brussels
VTV (AU):Australia/Sydney
W Movies (CA):Canada/Eastern
W Network:Canada/Eastern
W:Australia/Sydney
W9:Europe/Paris
Wah Lai Toi (MY):Asia/Kuala_Lumpur
Wakker Nederland (NL):Europe/Amsterdam
WAPA-TV (US):US/Eastern
Warner Channel (AR):America/Buenos_Aires
Warner Channel:US/Eastern
Watch:Europe/London
watchmenmotioncomic.com (US):US/Eastern
WB (CA):Canada/Eastern
WBZ-TV (US):US/Eastern
WCCO Channel 4 (US):US/Eastern
WCVB Channel 5 (US):US/Eastern
WDR:Europe/Berlin
WE tv:US/Eastern
WealthTV:US/Eastern
Weather Network (CA):Canada/Eastern
WeatherNation (US):US/Eastern
weatherscan (US):US/Eastern
wedding tv (UK):Europe/London
West Digital Television (AU):Australia/Sydney
westlink (AU):Australia/Sydney
WFRZ-LD (US):US/Eastern
WGN (US):US/Eastern
WGN America:US/Eastern
WIN (AU):Australia/Sydney
WIN Television (AU):Australia/Sydney
WNL:Europe/Amsterdam
Word Network (UK):Europe/London
WORD Network (US):US/Eastern
WORLD (US):US/Eastern
WORLD MOVIES (AU):Australia/Sydney
Worship (US):US/Eastern
WOW (AU):Australia/Sydney
WOWOW:Asia/Tokyo
WPIX:US/Eastern
WTV (AU):Australia/Sydney
WWE Network (US):US/Eastern
WWJ-TV Detroit (US):US/Eastern
Xbox Video:US/Eastern
XY TV:US/Eastern
Yahoo! Japan:Asia/Tokyo
Yahoo! Screen:US/Eastern
YES (US):US/Eastern
yes:Asia/Jerusalem
yesSTARS (IL):Asia/Jerusalem
YESTERDAY (UK):Europe/London
YLE Fem (FI):Europe/Helsinki
YLE:Europe/Helsinki
Yomiuri TV (JP):Asia/Tokyo
Yorin (NL):Europe/Amsterdam
York Channel (UK):Europe/London
Yorkshire Coast TV (UK):Europe/London
YourTV Blackpool & Preston (UK):Europe/London
YourTV Manchester (UK):Europe/London
youtoo SOCIAL TV (US):US/Eastern
YouTube (UK):Europe/London
YouTube:US/Eastern
YTV (CA):Canada/Eastern
YTV (JP):Asia/Tokyo
YTV (UK):Europe/London
YTV:Canada/Eastern
Z LIVING (US):US/Eastern
ZDF.Kultur:Europe/Berlin
ZDF:Europe/Berlin
ZDFneo:Europe/Berlin
ZDTV (CA):Canada/Eastern
Zee Café (UK):Europe/London
Zee Cinema (UK):Europe/London
Zee Cinema:Asia/Kolkata
Zee Gujarati:Asia/Kolkata
Zee Muzic:Asia/Kolkata
Zee Punjabi (UK):Europe/London
ZEE TV (UK):Europe/London
Zee TV:Asia/Kolkata
Zhejiang TV:Asia/Shanghai
Zing (UK):Europe/London
ZOOM:Asia/Kolkata
Ztélé:Canada/Eastern
ZTV (SE):Europe/Stockholm
ZUUS Country (US):US/Eastern
ZUUS Latino (US):US/Eastern
Дождь:Europe/Kaliningrad
Домашний:Europe/Kaliningrad
ДТВ:Europe/Kaliningrad
Звезда:Europe/Kaliningrad
Інтер:Europe/Kiev
НТВ:Europe/Kaliningrad
Первый канал:Europe/Kaliningrad
Пятый канал:Europe/Kaliningrad
РЕН:Europe/Kaliningrad
Россия 1:Europe/Kaliningrad
Россия К:Europe/Kaliningrad
СТС:Europe/Kaliningrad
ТВ Центр:Europe/Kaliningrad
ТВ3:Europe/Kaliningrad
ТВ6 (RU):Europe/Kaliningrad
ТВС:Europe/Kaliningrad
ТНТ:Europe/Kaliningrad
הערוץ הראשון:Asia/Jerusalem
טלעד:Asia/Jerusalem
ערוץ 10:Asia/Jerusalem
ערוץ הילדים‎:Asia/Jerusalem
קשת:Asia/Jerusalem
רשת:Asia/Jerusalem
